{"battery_volt": 62, "ir_heading": 201.60000000000002, "x_pos": 27, "heading": 201.60000000000002, "ir_elevation": 66, "left_velocity": 0.33, "y_pos": 62, "is_valid": true, "right_velocity": 0.98}